<?xml version="1.0" ?>
<LOG_ROOT>
	<PROJECT NAME="TinhCanABinhCongBBinh">
		<CBX_INST_ENTRY INSTANCE_NAME="|TinhCanABinhCongBBinh|MUX4TO1:inst|BUSMUX:3|lpm_mux:$00000" CBX_FILE_NAME="mux_smc.tdf"/>
		<CBX_INST_ENTRY INSTANCE_NAME="|TinhCanABinhCongBBinh|MUX8TO1:inst11|MUX4TO1:inst1|BUSMUX:2|lpm_mux:$00000" CBX_FILE_NAME="mux_smc.tdf"/>
		<CBX_INST_ENTRY INSTANCE_NAME="|TinhCanABinhCongBBinh|MUX8TO1:inst11|MUX4TO1:inst|BUSMUX:3|lpm_mux:$00000" CBX_FILE_NAME="mux_smc.tdf"/>
		<CBX_INST_ENTRY INSTANCE_NAME="|TinhCanABinhCongBBinh|MUX4TO1:inst|BUSMUX:2|lpm_mux:$00000" CBX_FILE_NAME="mux_smc.tdf"/>
		<CBX_INST_ENTRY INSTANCE_NAME="|TinhCanABinhCongBBinh|MUX8TO1:inst11|BUSMUX:inst2|lpm_mux:$00000" CBX_FILE_NAME="mux_smc.tdf"/>
		<CBX_INST_ENTRY INSTANCE_NAME="|TinhCanABinhCongBBinh|MUX8TO1:inst11|MUX4TO1:inst1|BUSMUX:1|lpm_mux:$00000" CBX_FILE_NAME="mux_smc.tdf"/>
		<CBX_INST_ENTRY INSTANCE_NAME="|TinhCanABinhCongBBinh|MUX8TO1:inst11|MUX4TO1:inst1|BUSMUX:3|lpm_mux:$00000" CBX_FILE_NAME="mux_smc.tdf"/>
		<CBX_INST_ENTRY INSTANCE_NAME="|TinhCanABinhCongBBinh|MUX8TO1:inst11|MUX4TO1:inst|BUSMUX:2|lpm_mux:$00000" CBX_FILE_NAME="mux_smc.tdf"/>
		<CBX_INST_ENTRY INSTANCE_NAME="|TinhCanABinhCongBBinh|MUX4TO1:inst|BUSMUX:1|lpm_mux:$00000" CBX_FILE_NAME="mux_smc.tdf"/>
		<CBX_INST_ENTRY INSTANCE_NAME="|TinhCanABinhCongBBinh|MUX8TO1:inst11|MUX4TO1:inst|BUSMUX:1|lpm_mux:$00000" CBX_FILE_NAME="mux_smc.tdf"/>
	</PROJECT>
</LOG_ROOT>
