<?xml version="1.0" ?>
<LOG_ROOT>
	<PROJECT NAME="TINHCANABINHCONGBBINH1">
		<CBX_INST_ENTRY INSTANCE_NAME="|TINHCANABINHCONGBBINH1|ABSOLUTE_0_A_MAX_1:inst44|BUSMUX:inst18|lpm_mux:$00000" CBX_FILE_NAME="mux_smc.tdf"/>
		<CBX_INST_ENTRY INSTANCE_NAME="|TINHCANABINHCONGBBINH1|ADD_ABSO_B_SUB_MIN:inst45|BUSMUX:inst34|lpm_mux:$00000" CBX_FILE_NAME="mux_smc.tdf"/>
		<CBX_INST_ENTRY INSTANCE_NAME="|TINHCANABINHCONGBBINH1|BUSMUX:MUX|lpm_mux:$00000" CBX_FILE_NAME="mux_smc.tdf"/>
		<CBX_INST_ENTRY INSTANCE_NAME="|TINHCANABINHCONGBBINH1|BUSMUX:inst|lpm_mux:$00000" CBX_FILE_NAME="mux_smc.tdf"/>
		<CBX_INST_ENTRY INSTANCE_NAME="|TINHCANABINHCONGBBINH1|MUX4TO1:MUX2|BUSMUX:2|lpm_mux:$00000" CBX_FILE_NAME="mux_smc.tdf"/>
		<CBX_INST_ENTRY INSTANCE_NAME="|TINHCANABINHCONGBBINH1|ADD_ABSO_B_SUB_MIN:inst45|BUSMUX:inst37|lpm_mux:$00000" CBX_FILE_NAME="mux_smc.tdf"/>
		<CBX_INST_ENTRY INSTANCE_NAME="|TINHCANABINHCONGBBINH1|MUX4TO1:MUX2|BUSMUX:1|lpm_mux:$00000" CBX_FILE_NAME="mux_smc.tdf"/>
		<CBX_INST_ENTRY INSTANCE_NAME="|TINHCANABINHCONGBBINH1|MUX4TO1:MUX2|BUSMUX:3|lpm_mux:$00000" CBX_FILE_NAME="mux_smc.tdf"/>
	</PROJECT>
</LOG_ROOT>
