<?xml version="1.0" ?>
<LOG_ROOT>
	<PROJECT NAME="TINHCANBAC2_2">
		<CBX_INST_ENTRY INSTANCE_NAME="|TINHCANBAC2_2|DATAPATH:inst58|ADD_SUB_MIN_AB_B:inst50|BUSMUX:inst41|lpm_mux:$00000" CBX_FILE_NAME="mux_smc.tdf"/>
		<CBX_INST_ENTRY INSTANCE_NAME="|TINHCANBAC2_2|DATAPATH:inst58|BUSMUX:inst44|lpm_mux:$00000" CBX_FILE_NAME="mux_smc.tdf"/>
		<CBX_INST_ENTRY INSTANCE_NAME="|TINHCANBAC2_2|DATAPATH:inst58|BUSMUX:inst48|lpm_mux:$00000" CBX_FILE_NAME="mux_smc.tdf"/>
		<CBX_INST_ENTRY INSTANCE_NAME="|TINHCANBAC2_2|DATAPATH:inst58|MUX4TO1:inst|BUSMUX:2|lpm_mux:$00000" CBX_FILE_NAME="mux_smc.tdf"/>
		<CBX_INST_ENTRY INSTANCE_NAME="|TINHCANBAC2_2|DATAPATH:inst58|AB_0_MAX_1:inst49|BUSMUX:inst18|lpm_mux:$00000" CBX_FILE_NAME="mux_smc.tdf"/>
		<CBX_INST_ENTRY INSTANCE_NAME="|TINHCANBAC2_2|DATAPATH:inst58|MUX4TO1:inst|BUSMUX:1|lpm_mux:$00000" CBX_FILE_NAME="mux_smc.tdf"/>
		<CBX_INST_ENTRY INSTANCE_NAME="|TINHCANBAC2_2|DATAPATH:inst58|MUX4TO1:inst|BUSMUX:3|lpm_mux:$00000" CBX_FILE_NAME="mux_smc.tdf"/>
	</PROJECT>
</LOG_ROOT>
